package tp.converter;

import static org.junit.jupiter.api.Assertions.assertEquals;

import org.junit.jupiter.api.AfterAll;
import org.junit.jupiter.api.BeforeAll;
import org.junit.jupiter.api.Test;
import org.slf4j.Logger;
import org.slf4j.LoggerFactory;

public class TestMyStringUtil {
	
    private static Logger logger = LoggerFactory.getLogger(TestMyStringUtil.class);
    
    private static MyStringUtil myStringUtil;
    private static int nbTests;
    
    @BeforeAll
    public static void initStatic() {
    	nbTests=0;
    	myStringUtil=new MyStringUtil();
    }
    
    @Test
    public void testCamelToSnakeCase() {
    	nbTests++;
    	//Tester si "leJourLePlusLong" donne "le_jour_le_plus_long" une fois converti en snake_case
    	String sRes = MyStaticStringUtil.camelToSnakeCase("leJourLePlusLong");
    	logger.trace("sRes=" + sRes);
    	assertEquals("le_jour_le_plus_long",sRes);
    }
    
    @Test
    public void testSnakeToCamelCase() {
    	nbTests++;
    	//Tester si "le_jour_le_plus_long" donne "leJourLePlusLong" une fois converti en camelCase
    	String sRes = myStringUtil.snakeToCamelCase("le_jour_le_plus_long");
    	logger.trace("sRes=" + sRes);
    	assertEquals("leJourLePlusLong",sRes);
    }
    
    @AfterAll
    public static void afterStatic() {
    	logger.trace("nombre de tests lancés [TestMyStringUtil]=" + nbTests);
    }
	
}
